,Country,ISO,Sex,Year of birth,Mean height (cm),Mean height lower 95% uncertainty interval (cm),Mean height upper 95% uncertainty interval (cm)
100,Afghanistan,AFG,Men,1996,165.25586069999997,159.3209128,171.27380159999996
201,Albania,ALB,Men,1996,173.3888563,171.3867491,175.4003156
302,Algeria,DZA,Men,1996,170.07180019999996,167.12974309999996,172.8486931
403,American Samoa,ASM,Men,1996,176.04512069999996,172.97474419999998,179.0837116
504,Andorra,AND,Men,1996,176.0601667,170.1080207,182.0402002
605,Angola,AGO,Men,1996,167.3107273,161.17250380000004,173.683177
706,Antigua and Barbuda,ATG,Men,1996,172.70699030000003,166.8379983,178.5933517
807,Argentina,ARG,Men,1996,174.6157252,171.5648592,177.57724299999995
908,Armenia,ARM,Men,1996,171.9966462,169.3306379,174.6943487
1009,Australia,AUS,Men,1996,179.2046477,178.0104462,180.4168238
1110,Austria,AUT,Men,1996,177.40770469999995,174.8777474,180.0243988
1211,Azerbaijan,AZE,Men,1996,169.74943290000004,167.5546135,172.0993236
1312,Bahamas,BHS,Men,1996,172.74662980000005,166.8182635,178.5582447
1413,Bahrain,BHR,Men,1996,167.74341130000005,164.172074,171.0759062
1514,Bangladesh,BGD,Men,1996,163.8082283,162.0362774,165.55078480000003
1615,Barbados,BRB,Men,1996,175.9161243,173.0324986,179.0085326
1716,Belarus,BLR,Men,1996,178.4384054,172.4211984,184.6026247
1817,Belgium,BEL,Men,1996,181.698803,179.8725499,183.5004181
1918,Belize,BLZ,Men,1996,168.7317804,164.9826095,172.4975999
2019,Benin,BEN,Men,1996,167.0572709,164.6126972,169.4688103
2120,Bermuda,BMU,Men,1996,172.6878702,166.9333815,178.3201109
2221,Bhutan,BTN,Men,1996,165.30588459999996,163.2932785,167.3457565
2322,Bolivia,BOL,Men,1996,166.8462997,164.17255559999995,169.50002869999997
2423,Bosnia and Herzegovina,BIH,Men,1996,180.8691741,178.931004,182.7973256
2524,Botswana,BWA,Men,1996,171.6276505,169.8496323,173.37723219999995
2625,Brazil,BRA,Men,1996,173.5512114,172.54566509999995,174.5598061
2726,Brunei Darussalam,BRN,Men,1996,165.0090651,159.3927067,170.7528806
2827,Bulgaria,BGR,Men,1996,178.2402511,172.4672325,184.038364
2928,Burkina Faso,BFA,Men,1996,169.3288328,167.0186317,171.689786
3029,Burundi,BDI,Men,1996,166.6352493,160.9203087,172.1606062
3130,Cabo Verde,CPV,Men,1996,173.2239364,170.28864130000005,176.1884356
3231,Cambodia,KHM,Men,1996,163.3296025,160.78220080000003,165.8859879
3332,Cameroon,CMR,Men,1996,167.82319130000005,165.58435369999995,170.02539730000004
3433,Canada,CAN,Men,1996,178.0903724,176.532834,179.6133217
3534,Central African Republic,CAF,Men,1996,166.6738233,163.0803059,170.1646003
3635,Chad,TCD,Men,1996,170.4385774,166.8779875,174.06054609999995
3736,Chile,CHL,Men,1996,171.81128169999997,170.35451930000005,173.27620380000005
3837,China,CHN,Men,1996,171.8276872,171.01437090000005,172.6591849
3938,China (Hong Kong SAR),HKG,Men,1996,173.61385090000005,169.75583899999995,177.4281179
4039,Colombia,COL,Men,1996,169.49507880000004,168.3405524,170.67906609999997
4140,Comoros,COM,Men,1996,166.1943222,163.7164296,168.6686874
4241,Congo,COG,Men,1996,167.4476256,164.3654005,170.5416966
4342,Cook Islands,COK,Men,1996,174.7678264,171.31422450000005,178.1546961
4443,Costa Rica,CRI,Men,1996,168.9318804,165.37390480000005,172.5251481
4544,Cote d'Ivoire,CIV,Men,1996,166.5328825,164.47073669999997,168.6545758
4645,Croatia,HRV,Men,1996,180.7818566,179.1764368,182.4595721
4746,Cuba,CUB,Men,1996,171.99612969999995,170.505047,173.4845398
4847,Cyprus,CYP,Men,1996,174.9948378,171.93396330000004,178.170583
4948,Czech Republic,CZE,Men,1996,180.1037446,177.62850600000004,182.5558614
5049,Denmark,DNK,Men,1996,181.3850802,179.62357759999998,183.1465928
5150,Djibouti,DJI,Men,1996,166.5732512,160.8280654,172.2342199
5251,Dominica,DMA,Men,1996,176.3131916,173.3998778,179.41771210000005
5352,Dominican Republic,DOM,Men,1996,172.74694319999998,171.105165,174.4022495
5453,DR Congo,COD,Men,1996,166.7952777,163.27309509999995,170.31685180000005
5554,Ecuador,ECU,Men,1996,167.076619,165.3625038,168.7059055
5655,Egypt,EGY,Men,1996,166.68405790000003,165.4214235,167.98998980000005
5756,El Salvador,SLV,Men,1996,169.7711093,165.90117769999995,173.5070428
5857,Equatorial Guinea,GNQ,Men,1996,167.36214740000003,161.3907489,173.6852153
5958,Eritrea,ERI,Men,1996,168.3564492,166.1757944,170.5981927
6059,Estonia,EST,Men,1996,181.5934781,180.6652323,182.5182337
6160,Ethiopia,ETH,Men,1996,166.2315083,164.649075,167.8781832
6261,Fiji,FJI,Men,1996,173.9016453,172.1384962,175.6983404
6362,Finland,FIN,Men,1996,179.5909033,177.72371840000002,181.427671
6463,France,FRA,Men,1996,179.7379129,177.46896769999995,182.0732681
6564,French Polynesia,PYF,Men,1996,177.4094044,175.42505669999997,179.468296
6665,Gabon,GAB,Men,1996,167.9359895,164.80121409999995,171.0330889
6766,Gambia,GMB,Men,1996,165.401738,162.14032,168.5226275
6867,Georgia,GEO,Men,1996,174.34100180000004,172.3703388,176.34312450000004
6968,Germany,DEU,Men,1996,179.88117739999996,178.2875311,181.4831434
7069,Ghana,GHA,Men,1996,168.8493553,167.5470928,170.1356625
7170,Greece,GRC,Men,1996,177.3160349,175.6526754,178.9597813
7271,Greenland,GRL,Men,1996,174.86611969999996,172.5554572,177.1798332
7372,Grenada,GRD,Men,1996,176.9666751,173.95783830000005,179.9558124
7473,Guatemala,GTM,Men,1996,163.4083889,160.0490019,166.75934080000005
7574,Guinea,GIN,Men,1996,167.5446232,164.62312880000005,170.3977979
7675,Guinea Bissau,GNB,Men,1996,167.8983809,162.2584317,173.44548840000004
7776,Guyana,GUY,Men,1996,170.2102541,168.2839289,172.3066614
7877,Haiti,HTI,Men,1996,172.6377544,166.8541906,178.5475827
7978,Honduras,HND,Men,1996,166.3933792,162.4514615,170.4156225
8079,Hungary,HUN,Men,1996,177.264876,173.6745126,180.911909
8180,Iceland,ISL,Men,1996,180.49156,176.69879519999995,184.2875359
8281,India,IND,Men,1996,164.9458981,164.1408927,165.7537938
8382,Indonesia,IDN,Men,1996,163.55165380000003,162.5766728,164.5263056
8483,Iran,IRN,Men,1996,173.5713082,172.7263953,174.4210493
8584,Iraq,IRQ,Men,1996,170.4300961,164.84013180000005,176.1762253
8685,Ireland,IRL,Men,1996,178.9251638,177.14894630000003,180.6296067
8786,Israel,ISR,Men,1996,176.859217,174.4753135,179.3235209
8887,Italy,ITA,Men,1996,177.7676279,175.5757147,179.9214472
8988,Jamaica,JAM,Men,1996,174.5282957,172.6524823,176.390383
9089,Japan,JPN,Men,1996,170.81764619999996,170.03929119999995,171.6067969
9190,Jordan,JOR,Men,1996,171.0322072,169.3650255,172.7885544
9291,Kazakhstan,KAZ,Men,1996,171.1440372,165.0837456,176.98753
9392,Kenya,KEN,Men,1996,169.6400915,165.0919276,174.3319435
9493,Kiribati,KIR,Men,1996,169.2042839,166.8493223,171.6301883
9594,Kuwait,KWT,Men,1996,172.0676564,170.78366210000004,173.35335880000005
9695,Kyrgyzstan,KGZ,Men,1996,171.239191,168.7090363,173.78151709999997
9796,Lao PDR,LAO,Men,1996,160.5189936,158.4341459,162.5725476
9897,Latvia,LVA,Men,1996,181.4223721,178.27481930000005,184.6752786
9998,Lebanon,LBN,Men,1996,174.38856850000005,172.35302109999995,176.44342609999995
10099,Lesotho,LSO,Men,1996,165.5897658,164.0996948,167.14064330000005
10200,Liberia,LBR,Men,1996,163.6602657,162.0338521,165.27755290000005
10301,Libya,LBY,Men,1996,173.5284006,170.8285376,176.1959105
10402,Lithuania,LTU,Men,1996,179.028358,176.115739,181.915942
10503,Luxembourg,LUX,Men,1996,177.8626466,175.1781332,180.6828601
10604,Macedonia (TFYR),MKD,Men,1996,178.330803,172.72867040000003,184.0148126
10705,Madagascar,MDG,Men,1996,161.5474932,157.8678111,165.14054309999997
10806,Malawi,MWI,Men,1996,162.2277323,159.58934399999995,164.7726449
10907,Malaysia,MYS,Men,1996,167.8849165,166.80538180000005,168.9509319
11008,Maldives,MDV,Men,1996,167.6836237,165.832023,169.4866196
11109,Mali,MLI,Men,1996,171.11946319999996,167.9478568,174.1885393
11210,Malta,MLT,Men,1996,173.3197324,168.863341,177.8368426
11311,Marshall Islands,MHL,Men,1996,162.80899159999996,160.07608190000005,165.5329815
11412,Mauritania,MRT,Men,1996,163.2810601,160.0639541,166.614473
11513,Mauritius,MUS,Men,1996,170.4992686,168.29080349999995,172.7745868
11614,Mexico,MEX,Men,1996,169.0114702,167.98952419999995,170.0444506
11715,Micronesia (Federated States of),FSM,Men,1996,168.510704,166.3522581,170.6592865
11816,Moldova,MDA,Men,1996,175.489202,173.48197119999998,177.5207805
11917,Mongolia,MNG,Men,1996,169.0656778,167.8287033,170.3504253
12018,Montenegro,MNE,Men,1996,178.2755341,172.52313030000005,183.94608380000003
12119,Morocco,MAR,Men,1996,170.4001635,164.605857,176.06862890000005
12220,Mozambique,MOZ,Men,1996,164.7975642,161.612074,168.0260359
12321,Myanmar,MMR,Men,1996,164.6726735,162.9398421,166.4475122
12422,Namibia,NAM,Men,1996,166.9643668,164.625411,169.2829633
12523,Nauru,NRU,Men,1996,167.8324823,165.7928666,169.8367582
12624,Nepal,NPL,Men,1996,162.31833319999996,160.97530469999995,163.67525700000004
12725,Netherlands,NLD,Men,1996,182.5353792,180.5898787,184.5434095
12826,New Zealand,NZL,Men,1996,177.7363938,176.7945123,178.6771639
12927,Nicaragua,NIC,Men,1996,166.70623909999995,162.83779199999995,170.59059340000005
13028,Niger,NER,Men,1996,167.67600349999995,165.12319119999995,170.15893630000005
13129,Nigeria,NGA,Men,1996,165.9067896,164.20355990000004,167.61992969999997
13230,Niue,NIU,Men,1996,175.8311176,173.78040769999996,177.9617831
13331,North Korea,PRK,Men,1996,171.9927751,165.7737604,178.39622580000002
13432,Norway,NOR,Men,1996,179.7451045,177.83923090000005,181.6195822
13533,Occupied Palestinian Territory,PSE,Men,1996,172.0872385,170.02774580000005,174.2055356
13634,Oman,OMN,Men,1996,169.1575236,166.9481805,171.33472880000005
13735,Pakistan,PAK,Men,1996,166.9481799,165.3443326,168.61096609999996
13836,Palau,PLW,Men,1996,167.692075,165.132506,170.3289132
13937,Panama,PAN,Men,1996,168.4895764,165.49201100000005,171.41215380000003
14038,Papua New Guinea,PNG,Men,1996,163.5678363,161.2012514,165.94015149999996
14139,Paraguay,PRY,Men,1996,172.83428700000005,166.7139769,179.0240843
14240,Peru,PER,Men,1996,165.2324719,163.777743,166.6610325
14341,Philippines,PHL,Men,1996,163.22915590000005,161.17532409999995,165.2535389
14442,Poland,POL,Men,1996,177.32698169999995,176.1592701,178.5387944
14543,Portugal,PRT,Men,1996,172.93288180000005,171.54295530000005,174.3305219
14644,Puerto Rico,PRI,Men,1996,172.0847257,167.5818233,176.571524
14745,Qatar,QAT,Men,1996,170.476481,168.8322632,172.08830369999995
14846,Romania,ROU,Men,1996,174.740883,172.28513180000004,177.2481003
14947,Russian Federation,RUS,Men,1996,176.4605305,174.9469982,177.9740738
15048,Rwanda,RWA,Men,1996,162.6789315,161.32141059999995,164.0283344
15149,Saint Kitts and Nevis,KNA,Men,1996,169.6233446,165.82662630000004,173.3673622
15250,Saint Lucia,LCA,Men,1996,171.94531640000002,169.27652030000004,174.6222627
15351,Saint Vincent and the Grenadines,VCT,Men,1996,172.7790021,166.8957393,178.34545780000005
15452,Samoa,WSM,Men,1996,174.3770605,172.7645392,176.0048961
15553,Sao Tome and Principe,STP,Men,1996,167.3845214,165.57513640000005,169.1477613
15654,Saudi Arabia,SAU,Men,1996,167.6703062,166.552861,168.7857624
15755,Senegal,SEN,Men,1996,173.1387425,171.2834349,175.04715330000005
15856,Serbia,SRB,Men,1996,180.5674062,179.357668,181.7290021
15957,Seychelles,SYC,Men,1996,174.21552749999995,172.27598989999996,176.1880041
16058,Sierra Leone,SLE,Men,1996,164.4056705,162.9596984,165.8557571
16159,Singapore,SGP,Men,1996,172.56604219999997,170.7545791,174.3361439
16260,Slovakia,SVK,Men,1996,179.5012393,177.89936569999998,181.04588590000003
16361,Slovenia,SVN,Men,1996,179.8026954,178.5146584,181.0771193
16462,Solomon Islands,SLB,Men,1996,164.1434391,162.0821659,166.1330404
16563,Somalia,SOM,Men,1996,166.6032003,160.741596,172.4303676
16664,South Africa,ZAF,Men,1996,166.6780993,165.7024243,167.65399240000005
16765,South Korea,KOR,Men,1996,174.9196246,174.041518,175.7700456
16866,Spain,ESP,Men,1996,176.59386709999995,175.0370731,178.1404858
16967,Sri Lanka,LKA,Men,1996,165.6894656,163.4286737,167.878379
17068,Sudan,SDN,Men,1996,166.6314888,160.81565569999995,172.3763656
17169,Suriname,SUR,Men,1996,172.7216773,167.0325868,178.498565
17270,Swaziland,SWZ,Men,1996,168.1315991,166.7090868,169.58031509999995
17371,Sweden,SWE,Men,1996,179.7370423,178.1998705,181.3144136
17472,Switzerland,CHE,Men,1996,178.42408999999995,177.52250519999996,179.3200565
17573,Syrian Arab Republic,SYR,Men,1996,170.42830869999997,164.8497607,176.208
17674,Taiwan,TWN,Men,1996,174.5214084,172.63545180000003,176.4252649
17775,Tajikistan,TJK,Men,1996,171.2644735,165.41091219999996,177.091505
17876,Tanzania,TZA,Men,1996,164.8003909,162.6476198,166.991555
17977,Thailand,THA,Men,1996,169.16243980000004,167.8143039,170.4771457
18078,Timor-Leste,TLS,Men,1996,159.7905503,157.50747180000005,161.9366409
18179,Togo,TGO,Men,1996,168.3303395,166.2719755,170.3914007
18280,Tokelau,TKL,Men,1996,175.25553430000005,172.8012449,177.721176
18381,Tonga,TON,Men,1996,176.75734599999996,174.8642004,178.63092949999995
18482,Trinidad and Tobago,TTO,Men,1996,173.7350948,169.7617072,177.7519913
18583,Tunisia,TUN,Men,1996,173.9514542,172.32299550000005,175.6109848
18684,Turkey,TUR,Men,1996,174.2095618,173.0353509,175.37408530000005
18785,Turkmenistan,TKM,Men,1996,171.96967560000004,169.9973504,173.964714
18886,Tuvalu,TUV,Men,1996,169.6401783,165.37975459999996,173.7361106
18987,Uganda,UGA,Men,1996,165.6249322,164.34132590000004,166.9052001
19088,Ukraine,UKR,Men,1996,178.457049,172.4490581,184.65933
19189,United Arab Emirates,ARE,Men,1996,170.4554301,164.76234580000005,176.17985269999997
19290,United Kingdom,GBR,Men,1996,177.4901885,176.7694543,178.1787075
19391,United States of America,USA,Men,1996,177.13039569999995,176.12443100000004,178.1577918
19492,Uruguay,URY,Men,1996,173.432458,170.2337833,176.6419927
19593,Uzbekistan,UZB,Men,1996,169.3845113,167.820721,170.92899419999995
19694,Vanuatu,VUT,Men,1996,168.0931899,165.9618624,170.26381519999995
19795,Venezuela,VEN,Men,1996,171.59427209999996,169.01378590000004,174.209128
19896,Viet Nam,VNM,Men,1996,164.4455519,163.196535,165.70290880000005
19997,Yemen,YEM,Men,1996,159.88694109999997,157.5219648,162.24186799999995
20098,Zambia,ZMB,Men,1996,166.5171435,162.82602680000005,169.94575759999995
20199,Zimbabwe,ZWE,Men,1996,168.5860045,166.9552625,170.2226425
20300,Afghanistan,AFG,Women,1996,155.0753231,153.4853608,156.6849233
20401,Albania,ALB,Women,1996,161.7698561,159.94671499999995,163.51878530000005
20502,Algeria,DZA,Women,1996,159.08962219999995,156.41458269999995,161.7684069
20603,American Samoa,ASM,Women,1996,164.5213673,161.6942193,167.3903458
20704,Andorra,AND,Women,1996,162.9048767,157.2895356,168.45233249999995
20805,Angola,AGO,Women,1996,157.3052103,151.6869145,162.8311906
20906,Antigua and Barbuda,ATG,Women,1996,160.6526419,155.13866769999996,165.8515608
21007,Argentina,ARG,Women,1996,159.1792058,157.3765361,160.9570023
21108,Armenia,ARM,Women,1996,158.0892096,156.49898230000005,159.71458069999997
21209,Australia,AUS,Women,1996,165.8581773,164.7210267,167.0034855
21310,Austria,AUT,Women,1996,164.6209454,162.2768063,166.9615026
21411,Azerbaijan,AZE,Women,1996,158.2524089,156.3852305,160.0797625
21512,Bahamas,BHS,Women,1996,160.680362,155.31147819999995,166.2092655
21613,Bahrain,BHR,Women,1996,156.6916935,153.6181745,159.63589319999997
21714,Bangladesh,BGD,Women,1996,150.78884409999995,149.83055019999995,151.75557
21815,Barbados,BRB,Women,1996,165.27701509999997,162.709976,167.8046625
21916,Belarus,BLR,Women,1996,166.3465611,160.83313130000005,171.92065319999998
22017,Belgium,BEL,Women,1996,165.49113549999996,164.1402975,166.8024351
22118,Belize,BLZ,Women,1996,156.8758678,153.55505559999997,160.00692469999996
22219,Benin,BEN,Women,1996,156.15597830000004,155.0845399,157.2419356
22320,Bermuda,BMU,Women,1996,160.6876938,155.20065300000005,166.0882919
22421,Bhutan,BTN,Women,1996,153.6294552,151.8705727,155.46344319999997
22522,Bolivia,BOL,Women,1996,153.8883819,152.655038,155.1507178
22623,Bosnia and Herzegovina,BIH,Women,1996,165.8483102,163.97772719999998,167.7097834
22724,Botswana,BWA,Women,1996,161.3812749,159.8487799,162.89011430000005
22825,Brazil,BRA,Women,1996,160.86354530000003,160.0039321,161.7539371
22926,Brunei Darussalam,BRN,Women,1996,153.98248619999995,148.5615168,159.3329736
23027,Bulgaria,BGR,Women,1996,164.7953594,159.4346784,170.0079197
23128,Burkina Faso,BFA,Women,1996,160.1857488,159.036418,161.36912869999995
23229,Burundi,BDI,Women,1996,154.0233342,152.2191564,155.8166059
23330,Cabo Verde,CPV,Women,1996,161.64953640000004,158.6983854,164.5687761
23431,Cambodia,KHM,Women,1996,152.9055366,151.9710339,153.8352365
23532,Cameroon,CMR,Women,1996,158.81582980000005,157.7161467,159.8865707
23633,Canada,CAN,Women,1996,163.9122753,162.38098530000005,165.4581573
23734,Central African Republic,CAF,Women,1996,158.0375986,155.6845206,160.31369919999997
23835,Chad,TCD,Women,1996,160.170113,158.3354466,161.9489496
23936,Chile,CHL,Women,1996,159.3636607,157.942686,160.79646780000004
24037,China,CHN,Women,1996,159.7088938,158.9088075,160.52069630000003
24138,China (Hong Kong SAR),HKG,Women,1996,159.02540259999995,155.3749221,162.60850180000003
24239,Colombia,COL,Women,1996,156.8522111,155.87953810000005,157.8275394
24340,Comoros,COM,Women,1996,155.58207990000002,154.256785,156.9229931
24441,Congo,COG,Women,1996,157.5742041,156.3139513,158.8600388
24542,Cook Islands,COK,Women,1996,163.1852466,160.14692019999995,166.2500507
24643,Costa Rica,CRI,Women,1996,156.36624419999995,153.63412380000003,159.0580319
24744,Cote d'Ivoire,CIV,Women,1996,158.06541330000005,156.92575490000004,159.220504
24845,Croatia,HRV,Women,1996,165.63143080000003,163.86045269999997,167.4483735
24946,Cuba,CUB,Women,1996,157.98295900000005,156.5591808,159.4513252
25047,Cyprus,CYP,Women,1996,162.274366,159.07300980000005,165.4603661
25148,Czech Republic,CZE,Women,1996,168.4577837,166.2725915,170.6888563
25249,Denmark,DNK,Women,1996,167.2137607,165.6377249,168.80115669999995
25350,Djibouti,DJI,Women,1996,156.11378019999995,150.88622980000005,161.2682535
25451,Dominica,DMA,Women,1996,164.3433887,161.7744734,166.929141
25552,Dominican Republic,DOM,Women,1996,159.027605,157.71419519999995,160.3601763
25653,DR Congo,COD,Women,1996,155.249412,154.0744437,156.41418090000005
25754,Ecuador,ECU,Women,1996,154.2335466,152.67372980000005,155.7869958
25855,Egypt,EGY,Women,1996,157.326818,156.4652593,158.1918596
25956,El Salvador,SLV,Women,1996,154.5488364,153.1065612,156.0519769
26057,Equatorial Guinea,GNQ,Women,1996,157.3263437,151.5826605,163.1011912
26158,Eritrea,ERI,Women,1996,156.386645,154.4759522,158.3307659
26259,Estonia,EST,Women,1996,168.67271530000005,167.835925,169.5320368
26360,Ethiopia,ETH,Women,1996,155.71023380000003,154.498444,156.907424
26461,Fiji,FJI,Women,1996,161.6929253,160.00879609999996,163.3381084
26562,Finland,FIN,Women,1996,165.8977048,164.2401034,167.54869680000004
26663,France,FRA,Women,1996,164.88159319999997,162.87739969999996,166.90771189999995
26764,French Polynesia,PYF,Women,1996,164.5160304,162.5707218,166.39330890000005
26865,Gabon,GAB,Women,1996,158.8364866,157.52913669999995,160.13750259999995
26966,Gambia,GMB,Women,1996,160.93495880000003,159.5287852,162.305177
27067,Georgia,GEO,Women,1996,162.9846123,161.1465786,164.87635830000005
27168,Germany,DEU,Women,1996,165.8635947,164.4028826,167.34045849999995
27269,Ghana,GHA,Women,1996,157.9096124,156.9655641,158.8598846
27370,Greece,GRC,Women,1996,164.8744011,163.290169,166.3485923
27471,Greenland,GRL,Women,1996,161.546615,159.4096178,163.62493
27572,Grenada,GRD,Women,1996,164.51315,162.0803,167.031249
27673,Guatemala,GTM,Women,1996,149.38867280000005,147.98698000000005,150.81852080000004
27774,Guinea,GIN,Women,1996,157.8016209,156.6337793,158.9705021
27875,Guinea Bissau,GNB,Women,1996,158.2362631,156.5192953,159.9005643
27976,Guyana,GUY,Women,1996,157.917772,155.9981316,159.8778264
28077,Haiti,HTI,Women,1996,158.7153844,157.5572091,159.90609709999995
28178,Honduras,HND,Women,1996,153.8415634,152.67404109999995,154.9823339
28279,Hungary,HUN,Women,1996,163.6605581,160.4706186,166.84561680000004
28380,Iceland,ISL,Women,1996,165.94635549999995,162.6581342,169.2408176
28481,India,IND,Women,1996,152.58963500000004,151.84572450000005,153.3096368
28582,Indonesia,IDN,Women,1996,152.7990437,151.8295784,153.7491823
28683,Iran,IRN,Women,1996,159.6668765,158.8963159,160.4245301
28784,Iraq,IRQ,Women,1996,158.6735735,153.2482916,164.13780830000005
28885,Ireland,IRL,Women,1996,165.1137476,163.4274604,166.73148390000003
28986,Israel,ISR,Women,1996,161.8040824,159.5621617,164.04229640000003
29087,Italy,ITA,Women,1996,164.6091934,162.7913669,166.51357380000005
29188,Jamaica,JAM,Women,1996,163.12122680000004,161.6065081,164.6468263
29289,Japan,JPN,Women,1996,158.3148015,157.591586,159.0311346
29390,Jordan,JOR,Women,1996,158.82805109999995,157.8127364,159.8259433
29491,Kazakhstan,KAZ,Women,1996,159.5783409,157.31991269999997,161.8025048
29592,Kenya,KEN,Women,1996,158.16405,157.1625003,159.1442948
29693,Kiribati,KIR,Women,1996,157.0008244,154.7446549,159.21625980000005
29794,Kuwait,KWT,Women,1996,159.4295678,158.2609308,160.6179467
29895,Kyrgyzstan,KGZ,Women,1996,159.3541814,158.0716915,160.6324637
29996,Lao PDR,LAO,Women,1996,151.2676137,149.8530288,152.7275545
30097,Latvia,LVA,Women,1996,169.79793069999997,167.0432842,172.58420790000002
30198,Lebanon,LBN,Women,1996,162.42937609999996,160.45248590000003,164.4645389
30299,Lesotho,LSO,Women,1996,155.7082754,154.39335580000005,157.0004952
30400,Liberia,LBR,Women,1996,155.66039709999995,154.4214582,156.8883611
30501,Libya,LBY,Women,1996,162.0842575,159.56552340000005,164.6722292
30602,Lithuania,LTU,Women,1996,166.6160881,164.2258901,169.06495859999995
30703,Luxembourg,LUX,Women,1996,164.4286678,162.0447812,166.8786469
30804,Macedonia (TFYR),MKD,Women,1996,159.7820937,156.9933817,162.635869
30905,Madagascar,MDG,Women,1996,151.1801437,149.8772409,152.48586509999996
31006,Malawi,MWI,Women,1996,154.40466919999997,153.225056,155.5990083
31107,Malaysia,MYS,Women,1996,156.29668,155.3602972,157.2258511
31208,Maldives,MDV,Women,1996,155.01935659999995,153.7276947,156.36354719999997
31309,Mali,MLI,Women,1996,160.4650957,159.3595136,161.5437114
31410,Malta,MLT,Women,1996,160.8546419,156.6916424,164.93275269999995
31511,Marshall Islands,MHL,Women,1996,151.3064655,149.032576,153.5854417
31612,Mauritania,MRT,Women,1996,157.7219137,154.77894019999997,160.71557119999997
31713,Mauritius,MUS,Women,1996,157.2444285,155.23866819999995,159.195115
31814,Mexico,MEX,Women,1996,156.84882180000002,155.9263905,157.7656023
31915,Micronesia (Federated States of),FSM,Women,1996,156.0856618,154.0787548,158.1129584
32016,Moldova,MDA,Women,1996,163.2428841,161.781429,164.7678239
32117,Mongolia,MNG,Women,1996,158.21705219999996,157.1195416,159.3704412
32218,Montenegro,MNE,Women,1996,164.8559181,159.47903159999996,170.3296417
32319,Morocco,MAR,Women,1996,157.8216326,156.0016725,159.5673845
32420,Mozambique,MOZ,Women,1996,153.9601295,152.722747,155.16857280000005
32521,Myanmar,MMR,Women,1996,154.371918,152.7937063,155.9370261
32622,Namibia,NAM,Women,1996,158.7785447,157.7028371,159.87207450000002
32723,Nauru,NRU,Women,1996,153.9823756,152.2440771,155.7315152
32824,Nepal,NPL,Women,1996,150.860985,149.9719281,151.76867919999995
32925,Netherlands,NLD,Women,1996,168.7185794,167.0781375,170.3457937
33026,New Zealand,NZL,Women,1996,164.9405475,164.0707173,165.8194718
33127,Nicaragua,NIC,Women,1996,154.3935365,152.99283269999995,155.8467293
33228,Niger,NER,Women,1996,158.2530879,157.136667,159.3842766
33329,Nigeria,NGA,Women,1996,156.3214927,155.3639562,157.2359384
33430,Niue,NIU,Women,1996,164.79654340000005,162.5976334,166.9969324
33531,North Korea,PRK,Women,1996,158.96699819999995,153.1196905,164.90816189999995
33632,Norway,NOR,Women,1996,165.5649024,163.7509424,167.3965727
33733,Occupied Palestinian Territory,PSE,Women,1996,158.7540457,156.96555080000005,160.53444950000005
33834,Oman,OMN,Women,1996,157.1877249,154.999215,159.281507
33935,Pakistan,PAK,Women,1996,153.84443249999995,152.8374672,154.8682006
34036,Palau,PLW,Women,1996,156.2202025,153.9546801,158.4606918
34137,Panama,PAN,Women,1996,155.4710802,152.7874319,158.09730090000005
34238,Papua New Guinea,PNG,Women,1996,154.8715667,152.9464324,156.7845638
34339,Paraguay,PRY,Women,1996,159.8557734,154.1781889,165.5429924
34440,Peru,PER,Women,1996,152.93252280000004,152.334436,153.55963290000003
34541,Philippines,PHL,Women,1996,149.6078284,147.86324119999998,151.4065753
34642,Poland,POL,Women,1996,164.58574,163.2734169,165.9198368
34743,Portugal,PRT,Women,1996,163.0445808,161.56789740000005,164.51358000000005
34844,Puerto Rico,PRI,Women,1996,159.2034604,156.6035999,161.77465790000005
34945,Qatar,QAT,Women,1996,159.38189269999995,157.89401769999995,160.87207890000005
35046,Romania,ROU,Women,1996,162.7251114,160.2156405,165.1636366
35147,Russian Federation,RUS,Women,1996,165.2704945,163.9726916,166.6286027
35248,Rwanda,RWA,Women,1996,154.7868845,153.72608459999995,155.8430847
35349,Saint Kitts and Nevis,KNA,Women,1996,159.1978809,155.524376,162.82350549999995
35450,Saint Lucia,LCA,Women,1996,162.3143903,159.0325227,165.4986571
35551,Saint Vincent and the Grenadines,VCT,Women,1996,160.6963389,155.2978946,166.0070097
35652,Samoa,WSM,Women,1996,161.96586440000004,160.54334440000005,163.4244904
35753,Sao Tome and Principe,STP,Women,1996,158.9062112,157.1709467,160.59571090000003
35854,Saudi Arabia,SAU,Women,1996,155.8807485,154.7993371,157.0060382
35955,Senegal,SEN,Women,1996,162.51676519999995,161.17156709999998,163.8246791
36056,Serbia,SRB,Women,1996,167.69019609999995,166.4674105,168.88765519999995
36157,Seychelles,SYC,Women,1996,162.0758377,160.3709749,163.8154706
36258,Sierra Leone,SLE,Women,1996,156.59817560000005,155.3802368,157.7810584
36359,Singapore,SGP,Women,1996,160.3199341,158.6271526,162.0199951
36460,Slovakia,SVK,Women,1996,167.4661191,166.10520549999995,168.8811628
36561,Slovenia,SVN,Women,1996,166.05122930000005,164.7819927,167.2989629
36662,Solomon Islands,SLB,Women,1996,154.4162304,152.4402876,156.3988585
36763,Somalia,SOM,Women,1996,156.06139009999995,150.6100397,161.5646601
36864,South Africa,ZAF,Women,1996,158.02605730000005,157.1426126,158.9429642
36965,South Korea,KOR,Women,1996,162.3352853,161.5416021,163.1111988
37066,Spain,ESP,Women,1996,163.3978007,162.03443090000005,164.74239430000003
37167,Sri Lanka,LKA,Women,1996,154.5649118,152.63175790000003,156.53107749999995
37268,Sudan,SDN,Women,1996,156.03802530000004,150.8921079,161.11955849999995
37369,Suriname,SUR,Women,1996,160.6629909,155.3330955,166.1662464
37470,Swaziland,SWZ,Women,1996,158.635578,157.27074330000005,159.98301709999996
37571,Sweden,SWE,Women,1996,165.69746899999996,163.7925201,167.6623695
37672,Switzerland,CHE,Women,1996,163.4526375,160.9972544,165.8651361
37773,Syrian Arab Republic,SYR,Women,1996,158.6470419,153.5046639,164.04528159999995
37874,Taiwan,TWN,Women,1996,161.45346980000005,159.64439330000005,163.2790102
37975,Tajikistan,TJK,Women,1996,157.327442,155.9567474,158.6876205
38076,Tanzania,TZA,Women,1996,155.8614517,154.7379096,157.0145794
38177,Thailand,THA,Women,1996,157.8689636,156.6741093,159.1121399
38278,Timor-Leste,TLS,Women,1996,151.1508345,149.7895564,152.54125180000003
38379,Togo,TGO,Women,1996,158.3035391,157.1651116,159.4434531
38480,Tokelau,TKL,Women,1996,162.4640311,159.74756430000005,165.13539369999995
38581,Tonga,TON,Women,1996,165.5203371,163.801314,167.3142487
38682,Trinidad and Tobago,TTO,Women,1996,160.6408952,157.37535390000005,163.8799725
38783,Tunisia,TUN,Women,1996,160.35451730000003,158.8410677,161.815744
38884,Turkey,TUR,Women,1996,160.4951587,159.4361461,161.5302229
38985,Turkmenistan,TKM,Women,1996,161.7255615,159.91605259999997,163.5484118
39086,Tuvalu,TUV,Women,1996,158.1003285,154.0619697,162.133705
39187,Uganda,UGA,Women,1996,156.71879750000005,155.6284603,157.7630842
39288,Ukraine,UKR,Women,1996,166.3392264,160.7041579,172.1585478
39389,United Arab Emirates,ARE,Women,1996,158.6805869,153.48329640000003,164.0575072
39490,United Kingdom,GBR,Women,1996,164.40205469999995,163.7619568,165.035211
39591,United States of America,USA,Women,1996,163.5381372,162.5804736,164.49838789999995
39692,Uruguay,URY,Women,1996,162.1282089,159.268953,164.86881090000003
39793,Uzbekistan,UZB,Women,1996,157.8159752,156.52776200000002,159.0969409
39894,Vanuatu,VUT,Women,1996,158.1717491,156.1530365,160.2642306
39995,Venezuela,VEN,Women,1996,157.435303,155.2619323,159.57965259999997
40096,Viet Nam,VNM,Women,1996,153.59350759999995,152.4694041,154.713837
40197,Yemen,YEM,Women,1996,153.9703771,152.6861156,155.2965836
40298,Zambia,ZMB,Women,1996,155.8213586,154.84229140000005,156.81891159999995
40399,Zimbabwe,ZWE,Women,1996,158.2151861,157.0612021,159.4147028
